"Município de residência";"2014";"2015";"2016";"2017";"2018";"2019";"2020";"2021";"2022";"2023";"2024";"Total"
" MUNICIPIO IGNORADO - SP";1;-;-;-;-;-;-;-;-;-;1;2
"350010 ADAMANTINA";40;1141;98;8;8;2085;1053;10;1333;3358;172;9306
"350020 ADOLFO";5;121;115;1;127;131;10;117;191;19;185;1022
"350030 AGUAI";545;2467;26;6;15;677;2128;21;10;12;598;6505
"350040 AGUAS DA PRATA";6;334;2;3;1;29;27;1;-;11;265;679
"350050 AGUAS DE LINDOIA";11;166;26;2;1;27;4;4;22;5;1362;1630
"350055 AGUAS DE SANTA BARBARA";7;16;2;-;-;12;-;29;50;8;692;816
"350060 AGUAS DE SAO PEDRO";90;32;5;1;-;8;21;11;25;1;160;354
"350070 AGUDOS";21;775;52;3;61;1671;39;17;260;2798;714;6411
"350075 ALAMBARI";8;19;4;1;1;5;3;115;1;2;132;291
"350080 ALFREDO MARCONDES";14;34;32;2;1;38;167;10;308;575;40;1221
"350090 ALTAIR";2;70;11;3;9;77;2;37;44;13;120;388
"350100 ALTINOPOLIS";2;76;25;3;-;22;27;8;12;52;592;819
"350110 ALTO ALEGRE";1;68;5;4;-;45;32;207;344;14;14;734
"350115 ALUMINIO";9;206;26;1;-;9;8;13;7;15;1061;1355
"350120 ALVARES FLORENCE";33;34;24;-;4;62;86;60;443;28;398;1172
"350130 ALVARES MACHADO";18;357;454;1;2;273;430;29;640;2124;56;4384
"350140 ALVARO DE CARVALHO";1;34;1;2;-;48;14;124;130;121;48;523
"350150 ALVINLANDIA";-;30;3;-;1;2;27;8;18;123;404;616
"350160 AMERICANA";9031;7554;1100;21;19;4884;711;439;4498;680;4905;33842
"350170 AMERICO BRASILIENSE";90;758;177;36;46;2721;33;29;3629;456;615;8590
"350180 AMERICO DE CAMPOS";64;67;15;4;6;377;274;17;477;7;261;1569
"350190 AMPARO";274;6744;36;17;24;95;68;16;34;589;2398;10295
"350200 ANALANDIA";3;126;4;-;-;18;21;5;93;10;844;1124
"350210 ANDRADINA";52;1858;1410;26;1538;4680;1132;2214;1959;3128;105;18102
"350220 ANGATUBA";1;214;130;5;5;22;8;56;17;15;786;1259
"350230 ANHEMBI";-;115;3;-;1;7;4;21;8;120;196;475
"350240 ANHUMAS";-;110;83;-;-;11;7;8;292;204;21;736
"350250 APARECIDA";106;1532;54;4;3;150;694;26;56;299;923;3847
"350260 APARECIDA D'OESTE";52;225;113;1;3;62;24;10;392;31;155;1068
"350270 APIAI";-;28;7;-;-;5;-;2;5;1;280;328
"350275 ARACARIGUAMA";18;235;18;1;-;27;2;1;5;125;595;1027
"350280 ARACATUBA";1874;1736;749;109;79;7861;2415;1264;2819;997;2635;22538
"350290 ARACOIABA DA SERRA";47;501;24;4;7;9;40;93;29;62;1185;2001
"350300 ARAMINA";1;8;26;1;121;236;10;-;14;8;20;445
"350310 ARANDU";-;6;-;-;-;5;-;-;-;81;603;695
"350315 ARAPEI";-;95;2;1;-;-;5;-;-;-;133;236
"350320 ARARAQUARA";1694;5557;1855;116;1384;23137;232;367;20929;797;2061;58129
"350330 ARARAS";136;2733;409;29;18;666;889;219;2950;64;1914;10027
"350335 ARCO-IRIS";5;14;5;1;-;36;40;27;106;213;30;477
"350340 AREALVA";6;360;19;1;-;220;8;1;42;382;382;1421
"350350 AREIAS";5;11;5;1;3;7;22;-;4;15;197;270
"350360 AREIOPOLIS";2;459;2;1;-;13;1;1;16;35;707;1237
"350370 ARIRANHA";1;221;21;4;5;71;348;16;68;77;1166;1998
"350380 ARTUR NOGUEIRA";111;980;159;14;125;189;147;62;381;98;1694;3960
"350390 ARUJA";237;1517;214;115;95;609;63;26;105;115;2091;5187
"350395 ASPASIA";9;51;7;-;2;20;11;15;235;30;126;506
"350400 ASSIS";981;4754;130;21;11;2538;941;650;482;3604;6627;20739
"350410 ATIBAIA";1367;1005;107;75;153;427;185;93;1138;659;13366;18575
"350420 AURIFLAMA";60;229;124;8;2;609;177;558;341;23;201;2332
"350430 AVAI";269;256;1;-;-;152;6;12;50;20;19;785
"350440 AVANHANDAVA";17;141;29;5;11;166;57;19;314;51;146;956
"350450 AVARE";3;268;12;2;2;19;16;33;96;339;5596;6386
"350460 BADY BASSITT";40;908;268;31;114;1578;185;909;1207;242;1616;7098
"350470 BALBINOS";-;22;2;-;-;49;-;1;7;162;30;273
"350480 BALSAMO";7;395;93;4;12;437;14;97;449;17;324;1849
"350490 BANANAL";8;395;11;-;1;25;3;6;4;2;656;1111
"350500 BARAO DE ANTONINA";6;4;-;-;-;-;13;5;95;299;76;498
"350510 BARBOSA";37;130;9;4;2;201;33;229;571;165;82;1463
"350520 BARIRI";221;121;7;8;-;180;99;3;20;291;3323;4273
"350530 BARRA BONITA";79;90;24;-;1;158;11;14;344;179;971;1871
"350535 BARRA DO CHAPEU";-;-;-;-;-;1;-;-;-;2;190;193
"350540 BARRA DO TURVO";2;13;11;1;1;1;163;9;12;-;98;311
"350550 BARRETOS";55;863;1347;14;291;5419;52;79;2021;855;3797;14793
"350560 BARRINHA";27;183;404;34;78;979;640;347;488;323;1295;4798
"350570 BARUERI";894;6427;54;5;8;218;39;63;59;170;4606;12543
"350580 BASTOS";25;466;92;6;2;368;762;14;647;1691;62;4135
"350590 BATATAIS";17;666;4184;6;12;573;39;5;1365;788;5619;13274
"350600 BAURU";412;8564;1392;79;294;26249;811;423;3816;14370;15747;72157
"350610 BEBEDOURO";718;6303;101;11;99;681;318;8;528;351;6786;15904
"350620 BENTO DE ABREU";12;16;19;-;-;23;44;27;69;42;116;368
"350630 BERNARDINO DE CAMPOS";3;66;3;-;1;62;12;1;7;40;1000;1195
"350635 BERTIOGA";743;554;808;12;14;50;58;509;157;1426;2206;6537
"350640 BILAC";47;223;336;4;11;808;63;54;176;10;253;1985
"350650 BIRIGUI";3868;4608;4760;85;34;7936;627;630;9663;1777;4088;38076
"350660 BIRITIBA-MIRIM";5;39;36;4;3;155;5;11;61;13;2005;2337
"350670 BOA ESPERANCA DO SUL";806;122;42;1;4;442;52;9;884;1741;229;4332
"350680 BOCAINA";56;81;11;-;2;134;48;-;311;14;181;838
"350690 BOFETE";2;18;42;1;-;2;-;63;4;8;397;537
"350700 BOITUVA";3;906;19;2;2;316;77;562;87;152;4932;7058
"350710 BOM JESUS DOS PERDOES";24;428;8;8;18;23;14;10;67;40;828;1468
"350715 BOM SUCESSO DE ITARARE";2;3;2;1;-;-;-;1;1;-;10;20
"350720 BORA";1;37;2;2;1;8;19;-;80;26;64;240
"350730 BORACEIA";18;34;51;2;1;30;2;1;19;160;485;803
"350740 BORBOREMA";13;576;122;1;5;632;141;32;1572;747;457;4298
"350745 BOREBI";-;7;-;-;2;78;5;-;167;68;59;386
"350750 BOTUCATU";22;750;105;7;5;102;41;55;270;439;16257;18053
"350760 BRAGANCA PAULISTA";298;697;244;5;15;51;196;45;250;188;13002;14991
"350770 BRAUNA";38;177;20;1;7;89;65;59;296;178;23;953
"350775 BREJO ALEGRE";24;18;20;-;11;35;43;14;191;46;84;486
"350780 BRODOWSKI";14;319;352;6;15;1197;71;21;68;838;2557;5458
"350790 BROTAS";218;267;17;4;8;266;260;181;418;74;2026;3739
"350800 BURI";-;230;4;-;-;48;-;525;4;28;350;1189
"350810 BURITAMA";1564;821;589;9;2;727;529;964;1641;12;347;7205
"350820 BURITIZAL";-;2;89;2;24;170;18;1;50;120;82;558
"350830 CABRALIA PAULISTA";-;104;4;-;-;30;1;2;50;8;126;325
"350840 CABREUVA";23;264;111;14;27;102;78;64;41;151;1118;1993
"350850 CACAPAVA";298;1225;59;34;34;1051;126;45;165;362;9765;13164
"350860 CACHOEIRA PAULISTA";21;463;48;14;37;149;502;15;15;25;1757;3046
"350870 CACONDE";12;105;14;1;9;7;25;4;6;16;1325;1524
"350880 CAFELANDIA";29;226;47;2;1;279;70;561;81;171;365;1832
"350890 CAIABU";2;25;43;1;1;95;20;-;82;89;98;456
"350900 CAIEIRAS";232;519;77;28;19;117;35;74;87;43;3486;4717
"350910 CAIUA";11;27;27;2;49;137;176;6;74;123;8;640
"350920 CAJAMAR";258;3393;298;36;25;466;29;107;140;64;2098;6914
"350925 CAJATI";6;37;41;12;1;36;1370;14;5;9;1022;2553
"350930 CAJOBI";93;169;67;3;4;323;45;24;241;547;90;1606
"350940 CAJURU";5;887;27;11;7;53;91;30;142;32;360;1645
"350945 CAMPINA DO MONTE ALEGRE";3;16;10;-;-;4;9;3;-;5;726;776
"350950 CAMPINAS";42776;66597;3478;175;325;26336;3949;2351;11266;11350;121906;290509
"350960 CAMPO LIMPO PAULISTA";1114;1008;25;8;14;200;21;14;105;131;1365;4005
"350970 CAMPOS DO JORDAO";9;13;28;7;-;12;5;6;5;5;147;237
"350980 CAMPOS NOVOS PAULISTA";4;33;4;-;-;177;54;6;212;310;136;936
"350990 CANANEIA";21;185;31;2;2;62;62;9;2;12;1495;1883
"350995 CANAS";7;78;22;4;2;9;133;4;3;4;407;673
"351000 CANDIDO MOTA";119;4335;52;10;3;236;308;57;61;1157;1719;8057
"351010 CANDIDO RODRIGUES";-;35;71;1;5;39;34;1;96;207;110;599
"351015 CANITAR";12;26;2;1;-;45;64;6;73;367;130;726
"351020 CAPAO BONITO";21;114;12;2;1;12;3;200;27;557;545;1494
"351030 CAPELA DO ALTO";7;68;46;2;1;41;19;641;31;168;1657;2681
"351040 CAPIVARI";35;1222;312;8;1;334;56;251;157;89;3080;5545
"351050 CARAGUATATUBA";2597;5717;163;25;31;3449;688;136;336;1117;11801;26060
"351060 CARAPICUIBA";3228;2472;128;19;8;2393;17;53;153;96;6011;14578
"351070 CARDOSO";87;57;9;8;10;528;179;121;224;44;543;1810
"351080 CASA BRANCA";2192;826;77;16;12;467;766;10;10;108;1764;6248
"351090 CASSIA DOS COQUEIROS";1;4;26;1;1;4;13;9;18;20;171;268
"351100 CASTILHO";48;605;550;25;123;1184;491;1135;580;384;81;5206
"351110 CATANDUVA";615;10717;132;46;103;3275;7410;454;3724;1249;7354;35079
"351120 CATIGUA";9;251;8;3;3;367;60;23;346;65;647;1782
"351130 CEDRAL";9;494;157;10;175;725;68;157;845;111;590;3341
"351140 CERQUEIRA CESAR";4;22;-;-;-;5;4;1;12;331;211;590
"351150 CERQUILHO";1;240;14;-;-;30;35;176;254;80;1311;2141
"351160 CESARIO LANGE";7;63;19;1;1;6;3;447;184;34;1055;1820
"351170 CHARQUEADA";28;112;9;3;2;28;100;238;581;152;1153;2406
"351190 CLEMENTINA";58;45;16;-;3;75;142;43;262;8;49;701
"351200 COLINA";71;586;34;16;11;312;12;36;172;165;1069;2484
"351210 COLOMBIA";10;204;39;3;3;348;9;5;215;345;31;1212
"351220 CONCHAL";8;2275;37;4;6;273;2105;15;43;63;115;4944
"351230 CONCHAS";12;821;3;1;3;27;5;327;2;678;433;2312
"351240 CORDEIROPOLIS";50;658;8;3;3;124;588;998;276;38;1138;3884
"351250 COROADOS";100;165;195;3;-;172;24;15;499;97;160;1430
"351260 CORONEL MACEDO";-;5;-;-;-;2;2;-;-;26;283;318
"351270 CORUMBATAI";12;122;3;1;-;5;6;7;22;22;66;266
"351280 COSMOPOLIS";205;884;105;20;11;110;106;25;559;312;2357;4694
"351290 COSMORAMA";22;113;20;2;5;151;83;475;327;34;211;1443
"351300 COTIA";382;2184;228;35;14;143;50;34;270;118;5229;8687
"351310 CRAVINHOS";108;142;217;5;7;465;261;24;705;391;2297;4622
"351320 CRISTAIS PAULISTA";3;2;22;5;2;58;2;5;66;21;389;575
"351330 CRUZALIA";3;129;3;-;1;87;97;11;28;180;136;675
"351340 CRUZEIRO";67;239;124;18;27;389;4377;26;23;40;916;6246
"351350 CUBATAO";496;820;272;31;26;148;765;2625;47;61;359;5650
"351360 CUNHA";-;14;6;6;4;7;12;2;3;65;592;711
"351370 DESCALVADO";102;1265;92;33;9;59;35;28;851;47;2545;5066
"351380 DIADEMA";839;3994;544;63;67;785;175;396;359;264;11947;19433
"351385 DIRCE REIS";5;41;60;3;-;35;38;3;251;38;285;759
"351390 DIVINOLANDIA";3;7;3;2;-;3;6;-;11;4;185;224
"351400 DOBRADA";11;68;101;3;4;467;29;5;286;331;176;1481
"351410 DOIS CORREGOS";82;408;7;2;1;70;106;-;72;302;4324;5374
"351420 DOLCINOPOLIS";3;181;125;-;-;39;38;40;250;54;83;813
"351430 DOURADO";27;28;4;-;1;36;4;3;238;488;152;981
"351440 DRACENA";119;1123;75;16;14;956;2619;422;1774;3142;146;10406
"351450 DUARTINA";15;77;6;-;-;193;46;12;671;12;147;1179
"351460 DUMONT";41;247;376;2;2;162;198;6;226;207;1078;2545
"351470 ECHAPORA";5;64;2;3;-;26;23;118;31;598;62;932
"351480 ELDORADO";5;5;11;1;3;30;107;14;-;3;548;727
"351490 ELIAS FAUSTO";68;987;9;-;-;41;4;8;12;6;902;2037
"351492 ELISIARIO";8;202;14;8;3;115;64;8;264;14;351;1051
"351495 EMBAUBA";2;105;9;-;2;172;35;2;274;72;127;800
"351500 EMBU DAS ARTES";571;1898;419;88;46;285;47;51;117;179;5475;9176
"351510 EMBU-GUACU";31;110;48;19;40;64;13;13;10;29;1605;1982
"351512 EMILIANOPOLIS";1;3;12;2;2;12;16;2;20;436;14;520
"351515 ENGENHEIRO COELHO";17;539;25;-;4;262;162;30;48;31;725;1843
"351518 ESPIRITO SANTO DO PINHAL";17;1471;93;12;13;32;93;10;682;52;4202;6677
"351519 ESPIRITO SANTO DO TURVO";-;28;4;-;2;18;2;1;252;12;119;438
"351520 ESTRELA D'OESTE";212;1460;32;14;21;385;692;41;382;43;892;4174
"351530 ESTRELA DO NORTE";32;24;118;1;1;-;83;-;37;572;18;886
"351535 EUCLIDES DA CUNHA PAULISTA";29;96;175;16;4;248;200;20;754;359;18;1919
"351540 FARTURA";1;156;4;1;-;183;6;5;77;59;1581;2073
"351550 FERNANDOPOLIS";216;1196;816;33;138;4673;1049;2435;994;193;2770;14513
"351560 FERNANDO PRESTES";1;34;8;1;1;66;21;5;93;503;150;883
"351565 FERNAO";1;8;1;-;-;10;34;3;24;5;26;112
"351570 FERRAZ DE VASCONCELOS";84;1059;311;12;30;230;56;81;414;153;8819;11249
"351580 FLORA RICA";13;14;5;1;-;1;35;-;-;247;18;334
"351590 FLOREAL";9;20;10;5;1;65;33;47;300;16;19;525
"351600 FLORIDA PAULISTA";93;736;91;1;3;686;192;16;229;599;62;2708
"351610 FLORINIA";62;264;1;1;-;196;1;4;11;37;242;819
"351620 FRANCA";282;1950;3449;164;262;8832;316;432;7174;1759;10432;35052
"351630 FRANCISCO MORATO";1533;1388;470;26;16;1231;52;38;181;338;4471;9744
"351640 FRANCO DA ROCHA";2528;1409;486;3;1;519;99;43;163;784;14209;20244
"351650 GABRIEL MONTEIRO";14;14;27;3;1;36;50;21;479;24;18;687
"351660 GALIA";4;289;2;-;1;97;6;5;306;76;127;913
"351670 GARCA";36;1443;18;5;1;578;764;221;8076;280;1931;13353
"351680 GASTAO VIDIGAL";14;29;12;3;-;114;189;16;352;9;36;774
"351685 GAVIAO PEIXOTO";4;19;12;-;17;329;11;23;303;144;283;1145
"351690 GENERAL SALGADO";122;56;181;2;17;146;342;34;1333;25;193;2451
"351700 GETULINA";15;750;13;2;1;464;48;17;36;152;448;1946
"351710 GLICERIO";43;189;34;2;1;149;21;14;335;5;92;885
"351720 GUAICARA";53;412;11;1;5;514;38;52;102;331;374;1893
"351730 GUAIMBE";3;611;4;-;2;139;202;15;131;109;58;1274
"351740 GUAIRA";60;1574;2467;25;24;2358;115;111;456;1019;1197;9406
"351750 GUAPIACU";16;251;316;7;13;1010;173;437;616;241;805;3885
"351760 GUAPIARA";6;26;3;2;-;2;-;3;1;51;230;324
"351770 GUARA";5;221;18;9;94;384;12;2;8;23;133;909
"351780 GUARACAI";30;122;115;5;37;430;65;30;1493;88;267;2682
"351790 GUARACI";2;128;37;5;22;171;10;92;162;29;397;1055
"351800 GUARANI D'OESTE";1;21;4;3;1;56;134;139;46;27;190;622
"351810 GUARANTA";50;283;64;2;1;129;55;547;23;47;307;1508
"351820 GUARARAPES";532;2524;51;8;47;1215;1474;196;820;959;1921;9747
"351830 GUARAREMA";113;225;70;13;5;30;84;184;262;131;1112;2229
"351840 GUARATINGUETA";121;1188;40;13;2;215;3152;28;50;496;7444;12749
"351850 GUAREI";-;13;4;1;-;7;7;11;4;24;594;665
"351860 GUARIBA";17;569;187;3;9;740;48;51;1207;210;814;3855
"351870 GUARUJA";499;1304;1044;59;47;322;398;2209;176;1495;8653;16206
"351880 GUARULHOS";5869;25828;1486;402;105;6475;281;1025;1066;1881;81005;125423
"351885 GUATAPARA";4;265;120;16;5;253;79;35;167;332;140;1416
"351890 GUZOLANDIA";8;96;19;1;3;63;12;26;89;53;179;549
"351900 HERCULANDIA";9;121;36;2;-;281;493;114;243;549;98;1946
"351905 HOLAMBRA";82;355;34;10;46;49;23;101;146;40;1470;2356
"351907 HORTOLANDIA";2193;5846;1297;140;44;1271;1060;511;1143;1133;5038;19676
"351910 IACANGA";26;119;35;2;2;199;20;3;186;319;658;1569
"351920 IACRI";5;91;16;2;-;53;211;27;351;416;113;1285
"351925 IARAS";39;4;-;-;1;23;7;31;252;3;67;427
"351930 IBATE";15;642;42;1;4;409;22;5;1407;179;824;3550
"351940 IBIRA";7;541;166;11;8;949;610;21;841;78;489;3721
"351950 IBIRAREMA";4;272;146;1;1;210;26;62;14;317;520;1573
"351960 IBITINGA";26;849;2091;42;25;216;76;90;518;1317;1824;7074
"351970 IBIUNA";14;156;92;6;16;38;14;15;15;19;1841;2226
"351980 ICEM";6;245;59;14;11;174;16;156;198;67;84;1030
"351990 IEPE";4;112;42;-;19;36;293;5;117;1828;47;2503
"352000 IGARACU DO TIETE";15;25;8;-;1;47;10;5;45;160;1650;1966
"352010 IGARAPAVA";18;12;127;7;124;743;37;4;77;377;84;1610
"352020 IGARATA";5;134;15;-;2;5;5;6;6;3;519;700
"352030 IGUAPE";8;577;6;7;4;14;45;19;9;38;2436;3163
"352040 ILHABELA";3822;957;164;13;46;198;378;946;526;335;4197;11582
"352042 ILHA COMPRIDA";23;221;20;1;4;12;32;2;6;126;881;1328
"352044 ILHA SOLTEIRA";351;626;240;7;333;561;206;590;65;266;82;3327
"352050 INDAIATUBA";322;2306;572;138;28;415;266;102;1551;801;6674;13175
"352060 INDIANA";-;45;38;-;1;16;74;4;238;594;38;1048
"352070 INDIAPORA";9;26;54;-;35;79;163;474;12;18;414;1284
"352080 INUBIA PAULISTA";-;175;1;-;2;69;366;1;268;298;3;1183
"352090 IPAUSSU";2;312;1;-;-;21;19;21;29;198;211;814
"352100 IPERO";420;2539;36;3;2;100;1426;447;28;31;507;5539
"352110 IPEUNA";10;210;9;1;-;42;100;18;53;34;1044;1521
"352115 IPIGUA";3;147;111;2;106;316;88;287;45;26;117;1248
"352120 IPORANGA";-;1;1;-;-;7;92;1;-;1;148;251
"352130 IPUA";17;54;118;3;48;933;7;3;93;63;43;1382
"352140 IRACEMAPOLIS";32;633;12;7;9;151;128;459;87;21;1079;2618
"352150 IRAPUA";3;182;10;2;1;48;111;22;54;194;402;1029
"352160 IRAPURU";46;92;12;-;3;280;40;263;152;522;43;1453
"352170 ITABERA";-;29;2;-;1;2;1;22;8;9;768;842
"352180 ITAI";-;61;-;-;-;2;23;159;4;38;1485;1772
"352190 ITAJOBI";8;120;51;9;34;144;171;103;1257;68;483;2448
"352200 ITAJU";7;6;5;-;-;5;8;2;18;94;529;674
"352210 ITANHAEM";173;4644;33;13;13;619;110;989;98;173;6400;13265
"352215 ITAOCA";-;4;-;-;-;-;-;-;1;1;10;16
"352220 ITAPECERICA DA SERRA";166;1797;192;19;7;60;17;86;46;52;5573;8015
"352230 ITAPETININGA";15;507;32;7;8;119;35;1633;69;574;5379;8378
"352240 ITAPEVA";6;211;12;1;-;10;65;379;639;16;3384;4723
"352250 ITAPEVI";634;2536;134;7;4;68;16;17;65;38;1827;5346
"352260 ITAPIRA";773;4564;63;15;4;180;38;9;124;154;10807;16731
"352265 ITAPIRAPUA PAULISTA";-;2;1;-;-;1;-;1;1;-;30;36
"352270 ITAPOLIS";184;829;1053;18;10;1115;1647;147;293;4472;201;9969
"352280 ITAPORANGA";106;35;1;-;6;11;12;156;473;12;747;1559
"352290 ITAPUI";135;142;3;1;4;802;21;3;148;16;660;1935
"352300 ITAPURA";26;106;19;1;10;160;22;65;33;27;26;495
"352310 ITAQUAQUECETUBA";213;1316;152;18;36;348;42;144;365;196;6519;9349
"352320 ITARARE";28;33;4;1;-;1;38;532;67;458;1663;2825
"352330 ITARIRI";10;625;14;1;3;3;275;8;4;11;120;1074
"352340 ITATIBA";91;251;136;20;19;191;30;76;263;89;6252;7418
"352350 ITATINGA";1;13;4;-;-;103;5;1;4;24;333;488
"352360 ITIRAPINA";33;711;15;-;-;83;25;11;82;5;1255;2220
"352370 ITIRAPUA";-;67;254;3;53;152;3;-;267;18;188;1005
"352380 ITOBI";273;107;4;5;5;11;189;10;16;5;257;882
"352390 ITU";181;1830;3283;8;25;95;102;403;504;1279;13750;21460
"352400 ITUPEVA";60;282;24;5;3;107;12;822;171;118;896;2500
"352410 ITUVERAVA";11;154;1278;7;53;2012;17;12;529;1052;70;5195
"352420 JABORANDI";3;76;142;1;1;630;11;6;98;223;126;1317
"352430 JABOTICABAL";70;358;1095;34;42;1302;1645;257;555;2712;1759;9829
"352440 JACAREI";238;3964;241;43;29;411;414;133;719;1486;33619;41297
"352450 JACI";33;286;141;6;141;189;22;136;278;136;206;1574
"352460 JACUPIRANGA";3;148;4;-;1;6;108;7;4;15;99;395
"352470 JAGUARIUNA";139;1552;95;30;214;329;37;22;473;177;9220;12288
"352480 JALES";484;3381;1785;26;49;2566;784;639;2761;135;961;13571
"352490 JAMBEIRO";3;33;10;9;4;4;9;9;4;6;326;417
"352500 JANDIRA";564;2882;161;20;23;100;31;7;27;86;1153;5054
"352510 JARDINOPOLIS";1252;467;2831;17;11;267;142;20;124;401;2749;8281
"352520 JARINU";14;95;14;3;6;27;9;8;120;128;1876;2300
"352530 JAU";4425;254;67;3;13;1903;217;77;727;967;9551;18204
"352540 JERIQUARA";3;-;3;1;5;150;6;5;51;72;253;549
"352550 JOANOPOLIS";3;16;6;-;3;3;8;1;11;13;1771;1835
"352560 JOAO RAMALHO";5;44;5;3;2;18;111;4;98;260;7;557
"352570 JOSE BONIFACIO";213;603;452;15;35;1018;81;116;2762;53;1192;6540
"352580 JULIO MESQUITA";2;300;13;-;-;42;202;9;153;487;43;1251
"352585 JUMIRIM";1;21;4;1;2;1;1;16;2;23;24;96
"352590 JUNDIAI";524;4613;455;11;13;2925;109;499;672;1142;21651;32614
"352600 JUNQUEIROPOLIS";142;572;15;2;-;90;425;389;1442;984;42;4103
"352610 JUQUIA";16;132;178;3;-;9;111;44;-;6;109;608
"352620 JUQUITIBA";9;73;33;10;17;3;2;4;197;10;606;964
"352630 LAGOINHA";13;1;2;1;1;2;5;1;19;9;361;415
"352640 LARANJAL PAULISTA";46;163;16;-;1;30;118;227;69;2713;421;3804
"352650 LAVINIA";18;171;47;1;1;103;70;29;112;205;170;927
"352660 LAVRINHAS";20;14;22;1;1;174;447;1;5;11;267;963
"352670 LEME";30;224;48;9;208;2855;336;58;87;72;4067;7994
"352680 LENCOIS PAULISTA";27;474;37;2;6;296;18;87;145;851;2744;4687
"352690 LIMEIRA";784;19724;110;26;16;1237;1633;378;618;567;9215;34308
"352700 LINDOIA";2;123;18;7;10;26;9;19;175;8;144;541
"352710 LINS";223;1753;69;18;23;2806;1311;519;2028;4096;578;13424
"352720 LORENA";130;2366;79;26;12;604;4961;44;25;110;8041;16398
"352725 LOURDES";40;66;16;4;3;128;145;21;125;11;103;662
"352730 LOUVEIRA";84;371;46;2;3;129;36;25;125;208;1597;2626
"352740 LUCELIA";28;444;36;1;2;534;726;14;212;987;31;3015
"352750 LUCIANOPOLIS";-;17;7;-;-;12;2;12;51;1;99;201
"352760 LUIS ANTONIO";28;437;135;6;29;96;420;37;718;147;426;2479
"352770 LUIZIANIA";16;57;17;2;1;47;176;8;391;28;52;795
"352780 LUPERCIO";4;50;-;-;-;9;1;73;34;112;107;390
"352790 LUTECIA";-;88;22;-;2;12;10;25;356;75;79;669
"352800 MACATUBA";21;114;3;-;-;66;8;62;76;84;1328;1762
"352810 MACAUBAL";16;49;39;2;76;411;47;667;100;5;115;1527
"352820 MACEDONIA";9;34;36;1;4;87;23;96;80;122;62;554
"352830 MAGDA";11;40;8;1;2;77;17;19;156;5;14;350
"352840 MAIRINQUE";43;487;14;-;2;14;22;5;10;30;1887;2514
"352850 MAIRIPORA";4815;191;25;-;1;23;10;18;42;33;10288;15446
"352860 MANDURI";1;13;9;-;-;4;-;-;5;15;1196;1243
"352870 MARABA PAULISTA";5;22;10;-;2;182;37;11;294;61;47;671
"352880 MARACAI";37;605;3;3;5;76;377;11;23;246;785;2171
"352885 MARAPOAMA";-;117;2;1;2;48;22;50;51;303;70;666
"352890 MARIAPOLIS";38;160;2;-;-;103;233;2;145;564;18;1265
"352900 MARILIA";1847;18622;436;65;56;2991;1596;2917;1057;3303;10442;43332
"352910 MARINOPOLIS";6;43;22;1;3;68;2;12;203;53;98;511
"352920 MARTINOPOLIS";25;132;343;2;1;201;1124;104;1513;430;183;4058
"352930 MATAO";220;795;2180;9;39;1411;26;12;2678;1112;3007;11489
"352940 MAUA";95;816;410;15;11;505;35;62;88;86;11532;13655
"352950 MENDONCA";20;390;107;-;17;455;17;31;513;22;650;2222
"352960 MERIDIANO";22;108;18;6;10;125;234;313;131;44;396;1407
"352965 MESOPOLIS";6;72;4;-;-;12;122;184;64;1;181;646
"352970 MIGUELOPOLIS";10;45;198;2;8;136;14;-;10;99;29;551
"352980 MINEIROS DO TIETE";154;29;6;-;-;226;17;23;68;98;2601;3222
"352990 MIRACATU";15;570;25;3;5;58;30;174;40;13;151;1084
"353000 MIRA ESTRELA";19;55;9;1;3;78;94;142;153;47;233;834
"353010 MIRANDOPOLIS";135;889;653;44;41;2401;1217;595;625;3016;392;10008
"353020 MIRANTE DO PARANAPANEMA";57;161;837;10;4;121;207;49;167;1153;21;2787
"353030 MIRASSOL";33;461;140;233;304;758;91;372;1361;164;1093;5010
"353040 MIRASSOLANDIA";-;139;44;5;9;309;22;144;29;23;167;891
"353050 MOCOCA";494;3351;269;22;28;637;2497;9;27;180;3510;11024
"353060 MOGI DAS CRUZES";120;884;259;11;6;166;46;99;100;68;19406;21165
"353070 MOGI GUACU";1197;9168;148;47;39;3026;1817;97;2408;729;6831;25507
"353080 MOGI MIRIM";1130;2067;189;91;47;1821;2644;73;238;135;5594;14029
"353090 MOMBUCA";1;28;3;-;-;19;-;115;6;95;131;398
"353100 MONCOES";9;62;63;-;8;100;45;73;254;4;32;650
"353110 MONGAGUA";295;886;39;11;12;452;79;496;23;39;1598;3930
"353120 MONTE ALEGRE DO SUL";10;128;17;6;9;11;7;3;12;27;164;394
"353130 MONTE ALTO";26;324;75;15;55;686;254;17;1560;649;1784;5445
"353140 MONTE APRAZIVEL";118;606;200;8;16;1136;98;170;939;42;203;3536
"353150 MONTE AZUL PAULISTA";29;436;581;10;4;631;22;5;405;523;776;3422
"353160 MONTE CASTELO";7;41;11;3;1;81;282;6;458;225;21;1136
"353170 MONTEIRO LOBATO";5;19;3;2;8;5;1;1;5;8;159;216
"353180 MONTE MOR";356;1067;47;6;1;332;247;289;72;225;3056;5698
"353190 MORRO AGUDO";21;81;118;5;5;2300;69;11;1373;584;1822;6389
"353200 MORUNGABA";9;39;11;4;3;12;11;6;7;60;636;798
"353205 MOTUCA";43;22;17;1;58;146;9;5;359;5;19;684
"353210 MURUTINGA DO SUL";5;107;71;1;18;165;19;197;249;92;23;947
"353215 NANTES";-;13;11;-;-;6;196;2;7;218;95;548
"353220 NARANDIBA";18;19;30;-;-;71;144;26;78;1073;23;1482
"353230 NATIVIDADE DA SERRA";28;7;6;8;4;19;19;5;10;20;223;349
"353240 NAZARE PAULISTA";25;78;40;3;6;3;2;7;6;24;719;913
"353250 NEVES PAULISTA";15;791;78;9;88;688;12;83;442;19;430;2655
"353260 NHANDEARA";84;77;26;1;5;439;615;132;626;152;71;2228
"353270 NIPOA";6;166;17;1;-;40;31;34;335;35;37;702
"353280 NOVA ALIANCA";7;177;146;20;18;684;25;337;666;18;440;2538
"353282 NOVA CAMPINA";1;4;-;1;-;-;1;1;-;-;130;138
"353284 NOVA CANAA PAULISTA";5;307;11;10;3;23;2;-;51;28;26;466
"353286 NOVA CASTILHO";1;-;32;-;-;26;33;11;206;10;10;329
"353290 NOVA EUROPA";26;58;33;8;14;587;60;30;605;569;63;2053
"353300 NOVA GRANADA";1;190;116;12;16;574;192;319;1220;25;98;2763
"353310 NOVA GUATAPORANGA";1;79;2;-;-;46;64;114;88;95;26;515
"353320 NOVA INDEPENDENCIA";10;58;40;-;11;172;40;349;684;164;61;1589
"353325 NOVAIS";9;188;7;3;1;67;249;3;101;26;222;876
"353330 NOVA LUZITANIA";13;21;5;8;9;120;131;262;323;4;95;991
"353340 NOVA ODESSA";625;2865;143;8;9;1189;377;422;451;457;4183;10729
"353350 NOVO HORIZONTE";25;352;58;26;11;791;372;632;2173;141;2524;7105
"353360 NUPORANGA";3;181;247;-;10;231;47;8;146;765;415;2053
"353370 OCAUCU";6;44;8;-;-;4;13;12;8;723;120;938
"353380 OLEO";1;2;1;-;-;7;1;-;1;13;297;323
"353390 OLIMPIA";139;541;212;18;123;3501;58;88;1708;398;3641;10427
"353400 ONDA VERDE";4;749;28;-;5;236;117;45;323;109;319;1935
"353410 ORIENTE";11;219;14;1;5;78;201;250;205;34;161;1179
"353420 ORINDIUVA";1;108;5;3;3;556;3;113;880;16;137;1825
"353430 ORLANDIA";37;511;790;10;32;833;62;6;588;1860;381;5110
"353440 OSASCO";6548;2468;758;26;28;534;256;188;441;1189;22804;35240
"353450 OSCAR BRESSANE";19;43;5;1;2;18;8;124;182;199;65;666
"353460 OSVALDO CRUZ";17;840;203;1;2;1184;965;9;878;4036;422;8557
"353470 OURINHOS";219;6261;89;14;24;342;1643;84;1705;1857;4412;16650
"353475 OUROESTE";36;250;96;20;8;365;144;311;49;166;250;1695
"353480 OURO VERDE";34;166;12;-;2;166;678;54;525;1272;18;2927
"353490 PACAEMBU";18;176;50;-;2;207;239;48;453;986;52;2231
"353500 PALESTINA";10;335;68;6;183;1010;32;513;1026;33;243;3459
"353510 PALMARES PAULISTA";4;462;15;7;6;269;759;20;284;589;1203;3618
"353520 PALMEIRA D'OESTE";58;77;45;1;5;177;72;102;943;78;487;2045
"353530 PALMITAL";79;567;22;4;6;99;1546;36;36;938;838;4171
"353540 PANORAMA";34;200;61;1;9;590;695;276;155;2087;39;4147
"353550 PARAGUACU PAULISTA";180;4676;76;23;6;1596;582;189;2354;317;3065;13064
"353560 PARAIBUNA";6;170;18;3;5;21;7;11;25;29;1107;1402
"353570 PARAISO";8;87;9;-;2;40;51;12;107;328;693;1337
"353580 PARANAPANEMA";1;101;5;1;1;4;1;55;1;5;510;685
"353590 PARANAPUA";40;359;48;9;31;137;25;15;474;24;96;1258
"353600 PARAPUA";35;444;18;1;4;315;864;21;150;831;131;2814
"353610 PARDINHO";-;14;-;-;1;2;-;-;3;3;94;117
"353620 PARIQUERA-ACU";19;139;23;3;4;8;357;12;4;8;923;1500
"353625 PARISI";148;42;28;-;5;134;281;46;80;1;276;1041
"353630 PATROCINIO PAULISTA";20;137;177;9;3;320;9;2;1908;181;289;3055
"353640 PAULICEIA";66;202;16;-;5;217;478;158;679;1345;69;3235
"353650 PAULINIA";1019;3695;168;21;21;966;166;170;5299;784;4321;16630
"353657 PAULISTANIA";-;19;-;-;-;14;1;-;19;7;72;132
"353660 PAULO DE FARIA";4;142;62;17;4;811;42;52;343;197;462;2136
"353670 PEDERNEIRAS";74;709;139;-;6;1203;59;25;56;761;3212;6244
"353680 PEDRA BELA";5;9;8;1;2;1;1;2;2;10;97;138
"353690 PEDRANOPOLIS";30;39;14;-;2;35;61;242;84;16;391;914
"353700 PEDREGULHO";12;61;18;-;8;105;3;-;164;254;638;1263
"353710 PEDREIRA";1366;395;38;17;33;2708;145;33;318;63;2832;7948
"353715 PEDRINHAS PAULISTA";11;74;-;4;-;24;23;11;15;124;183;469
"353720 PEDRO DE TOLEDO";3;203;5;4;1;13;32;44;1;3;67;376
"353730 PENAPOLIS";316;3016;162;46;14;2247;710;70;3287;41;197;10106
"353740 PEREIRA BARRETO";39;373;194;9;291;633;219;575;233;31;289;2886
"353750 PEREIRAS";5;25;3;-;-;1;-;195;26;22;105;382
"353760 PERUIBE";347;2260;115;16;14;421;406;350;58;152;2526;6665
"353770 PIACATU";50;25;22;2;-;155;378;5;778;172;59;1646
"353780 PIEDADE";5;196;11;-;-;8;5;5;7;9;602;848
"353790 PILAR DO SUL";2;41;4;4;1;10;6;2;2;29;340;441
"353800 PINDAMONHANGABA";2887;954;412;39;40;203;1969;1237;373;2593;23021;33728
"353810 PINDORAMA";14;579;6;14;16;321;395;45;472;101;732;2695
"353820 PINHALZINHO";7;28;12;-;2;13;6;10;27;5;314;424
"353830 PIQUEROBI";3;9;42;1;-;14;57;2;101;237;8;474
"353850 PIQUETE";5;139;10;-;2;45;250;8;9;9;763;1240
"353860 PIRACAIA";18;690;5;4;12;8;5;6;33;8;1531;2320
"353870 PIRACICABA";931;3730;2321;63;14;4103;1422;5356;1445;3144;29464;51993
"353880 PIRAJU";4;67;8;1;3;20;9;4;21;138;2377;2652
"353890 PIRAJUI";16;1524;78;3;2;1010;24;43;78;1097;63;3938
"353900 PIRANGI";49;942;82;6;37;81;198;33;237;234;1300;3199
"353910 PIRAPORA DO BOM JESUS";75;301;27;14;4;25;10;4;20;22;207;709
"353920 PIRAPOZINHO";26;1571;139;1;1;330;729;49;470;2601;123;6040
"353930 PIRASSUNUNGA";126;4288;104;2;5;294;789;23;84;557;4861;11133
"353940 PIRATININGA";-;427;32;3;4;674;8;14;97;355;228;1842
"353950 PITANGUEIRAS";47;290;459;69;543;86;111;42;795;238;902;3582
"353960 PLANALTO";36;322;61;6;6;149;35;103;488;69;116;1391
"353970 PLATINA";9;37;3;3;1;19;24;2;131;270;177;676
"353980 POA";28;398;199;58;19;303;23;30;50;73;6049;7230
"353990 POLONI";3;71;45;2;3;192;8;24;463;5;43;859
"354000 POMPEIA";114;887;9;1;1;290;484;90;142;252;596;2866
"354010 PONGAI";-;29;1;-;-;6;7;123;22;46;169;403
"354020 PONTAL";123;295;971;7;7;98;172;19;306;621;1128;3747
"354025 PONTALINDA";8;127;26;-;2;250;181;8;269;10;42;923
"354030 PONTES GESTAL";46;126;38;1;4;140;48;25;106;9;89;632
"354040 POPULINA";2;119;80;-;1;44;89;23;222;14;122;716
"354050 PORANGABA";17;29;1;-;-;-;-;76;9;3;314;449
"354060 PORTO FELIZ";130;765;64;-;442;39;43;449;1475;3021;2315;8743
"354070 PORTO FERREIRA";862;4478;243;33;32;248;117;235;94;57;3591;9990
"354075 POTIM";131;1031;27;13;18;3112;2036;60;55;2377;1585;10445
"354080 POTIRENDABA";39;176;191;9;13;716;99;1551;331;528;2511;6164
"354085 PRACINHA";-;30;1;1;-;93;45;-;17;446;1;634
"354090 PRADOPOLIS";12;80;94;3;-;258;78;11;124;1318;125;2103
"354100 PRAIA GRANDE";377;3445;716;172;69;2167;399;3274;226;288;3054;14187
"354105 PRATANIA";2;14;1;-;1;1;-;2;-;12;179;212
"354110 PRESIDENTE ALVES";6;21;4;-;1;104;3;4;3;93;20;259
"354120 PRESIDENTE BERNARDES";13;114;57;1;-;78;428;78;176;1769;30;2744
"354130 PRESIDENTE EPITACIO";64;304;746;5;30;935;942;21;391;960;30;4428
"354140 PRESIDENTE PRUDENTE";239;3737;12835;18;43;7613;6412;2155;7607;36161;1177;77997
"354150 PRESIDENTE VENCESLAU";24;595;187;6;6;668;509;60;913;512;55;3535
"354160 PROMISSAO";498;420;26;-;3;957;145;33;172;125;115;2494
"354165 QUADRA";-;3;1;-;1;1;-;127;1;4;12;150
"354170 QUATA";11;339;85;1;1;436;476;16;623;170;194;2352
"354180 QUEIROZ";7;58;-;-;-;184;152;61;584;89;23;1158
"354190 QUELUZ";9;360;59;1;-;12;102;12;71;36;222;884
"354200 QUINTANA";5;175;9;-;1;65;53;69;513;196;69;1155
"354210 RAFARD";11;232;114;-;-;74;2;104;50;29;1153;1769
"354220 RANCHARIA";79;424;359;6;3;717;2012;53;276;3361;235;7525
"354230 REDENCAO DA SERRA";40;13;5;3;4;11;1;4;4;9;186;280
"354240 REGENTE FEIJO";9;122;328;8;6;117;470;105;1043;614;188;3010
"354250 REGINOPOLIS";1;20;4;-;-;111;-;5;89;260;821;1311
"354260 REGISTRO";24;342;235;8;1;219;595;9;6;69;1646;3154
"354270 RESTINGA";6;91;13;2;6;109;1;8;79;35;350;700
"354280 RIBEIRA";-;4;-;-;-;1;-;-;4;1;62;72
"354290 RIBEIRAO BONITO";229;446;55;-;2;282;3;3;582;35;873;2510
"354300 RIBEIRAO BRANCO";-;7;3;-;-;-;-;-;2;-;45;57
"354310 RIBEIRAO CORRENTE";50;19;18;-;-;62;1;29;105;6;310;600
"354320 RIBEIRAO DO SUL";4;123;3;-;3;42;78;4;37;1411;184;1889
"354323 RIBEIRAO DOS INDIOS";1;50;7;2;-;24;10;24;26;222;2;368
"354325 RIBEIRAO GRANDE";4;13;1;-;1;3;1;-;3;-;71;97
"354330 RIBEIRAO PIRES";16;90;57;9;3;30;13;31;33;43;1220;1545
"354340 RIBEIRAO PRETO";442;5767;35185;269;284;14542;17605;354;7460;12166;44098;138172
"354350 RIVERSUL";2;3;2;-;-;1;-;287;2;3;633;933
"354360 RIFAINA";51;132;25;9;76;17;6;10;16;27;318;687
"354370 RINCAO";4;156;6;2;18;594;35;22;491;206;128;1662
"354380 RINOPOLIS";12;368;17;1;9;525;687;9;732;108;74;2542
"354390 RIO CLARO";726;21552;104;17;28;1410;1174;194;365;699;11246;37515
"354400 RIO DAS PEDRAS";15;437;102;3;2;61;10;57;21;221;400;1329
"354410 RIO GRANDE DA SERRA";16;56;13;2;1;55;2;15;15;27;321;523
"354420 RIOLANDIA";38;190;21;10;8;411;26;13;459;5;289;1470
"354425 ROSANA";757;573;41;-;8;1060;874;1328;672;2346;63;7722
"354430 ROSEIRA";29;294;12;3;7;36;241;16;46;158;596;1438
"354440 RUBIACEA";10;134;6;-;16;86;111;145;116;92;93;809
"354450 RUBINEIA";136;59;14;6;8;161;17;93;99;5;353;951
"354460 SABINO";1;125;2;-;2;12;360;10;10;34;97;653
"354470 SAGRES";3;49;6;-;-;171;334;3;21;521;268;1376
"354480 SALES";20;394;14;9;3;378;33;18;44;85;354;1352
"354490 SALES OLIVEIRA";90;29;203;22;5;180;16;2;54;319;320;1240
"354500 SALESOPOLIS";5;22;7;1;1;5;1;2;-;-;362;406
"354510 SALMOURAO";18;95;2;-;1;202;278;6;89;542;36;1269
"354515 SALTINHO";10;94;55;1;-;47;21;59;97;58;1011;1453
"354520 SALTO";157;1502;278;11;18;223;84;122;599;1822;6517;11333
"354530 SALTO DE PIRAPORA";15;1978;52;-;7;25;18;43;14;87;1514;3753
"354540 SALTO GRANDE";8;102;13;-;-;82;171;14;138;1829;52;2409
"354550 SANDOVALINA";14;26;70;-;4;54;244;-;65;727;19;1223
"354560 SANTA ADELIA";12;363;12;6;6;267;269;12;316;524;592;2379
"354570 SANTA ALBERTINA";5;276;8;1;1;209;47;83;648;29;70;1377
"354580 SANTA BARBARA D'OESTE";3334;4753;475;45;27;3993;1241;654;5974;947;6516;27959
"354600 SANTA BRANCA";31;232;103;18;12;65;5;9;12;63;1544;2094
"354610 SANTA CLARA D'OESTE";5;85;38;-;3;33;66;39;167;-;162;598
"354620 SANTA CRUZ DA CONCEICAO";23;30;5;-;2;60;8;1;8;3;218;358
"354625 SANTA CRUZ DA ESPERANCA";-;20;10;-;-;19;22;17;19;75;298;480
"354630 SANTA CRUZ DAS PALMEIRAS";48;909;39;20;10;101;1059;1;121;143;3697;6148
"354640 SANTA CRUZ DO RIO PARDO";60;757;56;3;20;807;47;18;2136;2443;2893;9240
"354650 SANTA ERNESTINA";2;194;59;3;4;160;132;4;141;856;36;1591
"354660 SANTA FE DO SUL";88;539;798;6;20;1259;107;630;1049;139;1553;6188
"354670 SANTA GERTRUDES";62;498;5;1;-;66;97;40;336;47;2105;3257
"354680 SANTA ISABEL";56;397;128;26;25;41;19;65;55;60;4600;5472
"354690 SANTA LUCIA";23;121;39;5;9;222;10;2;719;34;53;1237
"354700 SANTA MARIA DA SERRA";45;19;6;-;-;94;10;6;13;239;235;667
"354710 SANTA MERCEDES";2;121;13;1;3;27;22;47;575;510;8;1329
"354720 SANTANA DA PONTE PENSA";5;54;3;-;4;31;3;2;143;20;51;316
"354730 SANTANA DE PARNAIBA";430;1734;349;34;7;105;34;74;132;81;5686;8666
"354740 SANTA RITA D'OESTE";3;181;13;1;-;157;7;128;225;2;50;767
"354750 SANTA RITA DO PASSA QUATRO";68;824;98;11;19;79;516;36;800;42;1833;4326
"354760 SANTA ROSA DE VITERBO";48;338;273;21;6;66;510;11;486;183;366;2308
"354765 SANTA SALETE";4;45;12;1;4;109;25;22;471;6;90;789
"354770 SANTO ANASTACIO";28;205;909;9;1;478;531;15;149;1203;47;3575
"354780 SANTO ANDRE";478;1682;503;37;15;360;39;112;155;286;14562;18229
"354790 SANTO ANTONIO DA ALEGRIA";1;20;88;1;1;5;9;-;34;55;205;419
"354800 SANTO ANTONIO DE POSSE";391;3189;169;30;909;52;27;11;242;59;4344;9423
"354805 SANTO ANTONIO DO ARACANGUA";113;78;32;-;4;96;83;190;392;14;32;1034
"354810 SANTO ANTONIO DO JARDIM";4;72;8;3;2;2;4;-;4;4;465;568
"354820 SANTO ANTONIO DO PINHAL";1;12;4;2;6;7;2;3;2;4;94;137
"354830 SANTO EXPEDITO";-;8;10;1;-;67;100;3;231;107;229;756
"354840 SANTOPOLIS DO AGUAPEI";16;55;31;-;1;41;44;182;175;166;33;744
"354850 SANTOS";3645;5185;1970;324;195;641;376;4431;418;711;5397;23293
"354860 SAO BENTO DO SAPUCAI";3;14;2;2;2;1;-;7;-;4;647;682
"354870 SAO BERNARDO DO CAMPO";638;3342;1289;60;68;486;99;291;221;94;13258;19846
"354880 SAO CAETANO DO SUL";82;737;145;13;15;79;8;87;112;68;8997;10343
"354890 SAO CARLOS";364;8540;417;34;45;7741;625;123;4276;696;15887;38748
"354900 SAO FRANCISCO";27;51;12;-;4;165;68;8;391;15;143;884
"354910 SAO JOAO DA BOA VISTA";607;5709;77;11;5;250;1782;36;88;222;7337;16124
"354920 SAO JOAO DAS DUAS PONTES";1;151;15;1;1;63;93;34;68;15;64;506
"354925 SAO JOAO DE IRACEMA";7;8;6;4;33;36;164;49;227;7;26;567
"354930 SAO JOAO DO PAU D'ALHO";22;36;34;1;2;30;156;22;192;490;49;1034
"354940 SAO JOAQUIM DA BARRA";123;876;702;37;436;5794;81;2;26;490;431;8998
"354950 SAO JOSE DA BELA VISTA";-;69;286;3;4;286;17;3;15;107;46;836
"354960 SAO JOSE DO BARREIRO";16;91;-;-;1;2;6;1;-;3;196;316
"354970 SAO JOSE DO RIO PARDO";52;1103;110;13;12;275;663;7;431;105;6719;9490
"354980 SAO JOSE DO RIO PRETO";1236;22191;16298;598;1120;33153;7206;21187;20255;9735;36317;169296
"354990 SAO JOSE DOS CAMPOS";912;14577;1739;464;194;673;452;621;1696;1059;98219;120606
"354995 SAO LOURENCO DA SERRA";14;61;18;1;2;3;4;5;7;2;152;269
"355000 SAO LUIS DO PARAITINGA";25;25;15;9;8;18;9;-;12;16;926;1063
"355010 SAO MANUEL";6;374;70;1;1;98;26;4;109;149;4438;5276
"355020 SAO MIGUEL ARCANJO";3;65;16;2;-;25;6;15;6;7;448;593
"355030 SAO PAULO";34156;56118;18470;752;1062;19285;2118;7628;12063;14619;633046;799317
"355040 SAO PEDRO";1108;385;12;1;1;164;956;33;268;25;1466;4419
"355050 SAO PEDRO DO TURVO";11;327;82;-;5;24;41;1;178;875;541;2085
"355060 SAO ROQUE";91;628;81;4;7;16;12;9;37;82;1288;2255
"355070 SAO SEBASTIAO";1713;4910;59;17;90;1467;362;413;1094;815;5476;16416
"355080 SAO SEBASTIAO DA GRAMA";7;39;3;16;3;15;38;1;5;7;842;976
"355090 SAO SIMAO";3;322;800;12;9;659;464;2;44;80;76;2471
"355100 SAO VICENTE";612;2525;826;93;25;88;265;6120;172;248;1287;12261
"355110 SARAPUI";3;78;5;1;4;10;6;3;-;5;415;530
"355120 SARUTAIA";-;2;-;-;-;1;-;-;66;35;181;285
"355130 SEBASTIANOPOLIS DO SUL";12;20;4;1;8;40;91;24;186;23;37;446
"355140 SERRA AZUL";7;237;119;3;-;263;18;3;157;173;271;1251
"355150 SERRANA";53;460;672;19;11;813;400;33;320;358;5193;8332
"355160 SERRA NEGRA";40;257;32;-;-;19;11;2;17;16;282;676
"355170 SERTAOZINHO";233;1095;3061;10;23;1707;2362;68;3396;104;2165;14224
"355180 SETE BARRAS";8;55;22;14;2;79;393;4;1;71;376;1025
"355190 SEVERINIA";31;187;62;4;7;794;49;21;323;103;541;2122
"355200 SILVEIRAS";1;18;1;1;1;30;14;1;1;1;207;276
"355210 SOCORRO";12;545;28;-;15;155;35;17;59;17;5066;5949
"355220 SOROCABA";448;56787;361;65;49;1086;1862;1229;1104;4676;46626;114293
"355230 SUD MENNUCCI";18;429;35;7;10;533;117;826;156;17;150;2298
"355240 SUMARE";4727;14532;472;59;36;2873;679;349;1006;737;6640;32110
"355250 SUZANO";45;642;467;29;38;545;32;77;450;508;9110;11943
"355255 SUZANAPOLIS";70;199;23;-;16;291;19;42;377;46;317;1400
"355260 TABAPUA";16;720;12;8;12;636;243;667;202;67;928;3511
"355270 TABATINGA";7;325;290;5;3;363;19;4;105;1684;191;2996
"355280 TABOAO DA SERRA";1217;3353;407;81;56;363;79;87;156;88;5921;11808
"355290 TACIBA";2;19;20;3;3;21;28;-;114;285;18;513
"355300 TAGUAI";-;32;5;-;-;19;9;7;3;15;2207;2297
"355310 TAIACU";3;117;28;25;1;109;4;1;22;25;83;418
"355320 TAIUVA";2;114;190;2;2;240;70;-;56;39;350;1065
"355330 TAMBAU";289;1760;48;10;13;23;524;10;23;132;2865;5697
"355340 TANABI";237;1793;86;21;35;1707;541;858;1583;84;652;7597
"355350 TAPIRAI";2;10;1;1;3;1;1;1;4;-;96;120
"355360 TAPIRATIBA";6;336;1;6;2;24;288;2;1;6;1372;2044
"355365 TAQUARAL";1;38;5;-;-;45;6;1;222;3;157;478
"355370 TAQUARITINGA";112;540;1588;15;165;4067;354;15;507;6602;173;14138
"355380 TAQUARITUBA";3;65;1;-;-;20;5;6;10;27;459;596
"355385 TAQUARIVAI";1;10;1;-;-;3;1;4;8;-;28;56
"355390 TARABAI";17;70;16;-;-;11;353;15;217;1223;89;2011
"355395 TARUMA";142;538;17;-;4;190;152;18;731;601;619;3012
"355400 TATUI";33;580;127;6;3;47;336;20102;24;39;879;22176
"355410 TAUBATE";9903;2458;3304;72;59;246;2181;232;1538;1607;28725;50325
"355420 TEJUPA";3;2;-;-;-;1;1;-;-;4;128;139
"355430 TEODORO SAMPAIO";22;109;193;12;10;134;379;538;3633;408;72;5510
"355440 TERRA ROXA";8;122;9;3;4;226;6;2;176;61;48;665
"355450 TIETE";22;365;93;4;2;26;13;546;283;514;1379;3247
"355460 TIMBURI";-;3;2;-;-;5;2;20;1;6;34;73
"355465 TORRE DE PEDRA";-;6;-;-;7;-;2;13;1;2;62;93
"355470 TORRINHA";24;38;4;-;-;35;6;2;12;180;1591;1892
"355475 TRABIJU";63;127;2;1;16;71;88;1;21;82;18;490
"355480 TREMEMBE";992;426;685;8;12;54;240;65;311;561;4298;7652
"355490 TRES FRONTEIRAS";8;202;57;3;4;172;8;30;316;9;192;1001
"355495 TUIUTI";4;32;4;2;1;3;4;4;1;7;242;304
"355500 TUPA";825;2410;106;5;9;6342;663;179;3096;4224;1055;18914
"355510 TUPI PAULISTA";23;935;15;1;36;342;810;217;1295;1190;93;4957
"355520 TURIUBA";25;84;19;1;-;64;116;354;54;6;23;746
"355530 TURMALINA";11;49;23;-;2;113;65;4;112;12;75;466
"355535 UBARANA";92;237;107;4;8;421;166;16;574;13;157;1795
"355540 UBATUBA";1276;3119;305;126;42;1832;337;783;191;834;6805;15650
"355550 UBIRAJARA";5;118;1;2;-;8;1;-;10;33;194;372
"355560 UCHOA";34;398;235;8;355;658;56;87;374;61;270;2536
"355570 UNIAO PAULISTA";-;23;20;4;8;150;9;102;54;3;13;386
"355580 URANIA";14;970;116;13;20;510;672;202;1672;20;730;4939
"355590 URU";1;30;5;-;-;15;-;5;3;53;19;131
"355600 URUPES";11;197;64;10;17;192;174;36;109;29;508;1347
"355610 VALENTIM GENTIL";99;124;49;4;209;326;305;70;374;52;1060;2672
"355620 VALINHOS";312;1547;155;98;62;439;131;215;1143;516;6721;11339
"355630 VALPARAISO";45;461;44;2;5;357;1440;638;286;96;180;3554
"355635 VARGEM";8;22;6;1;4;9;8;11;6;15;658;748
"355640 VARGEM GRANDE DO SUL";53;799;146;7;8;439;211;56;10;276;3587;5592
"355645 VARGEM GRANDE PAULISTA";23;210;42;1;-;23;12;13;20;10;2102;2456
"355650 VARZEA PAULISTA";512;1606;38;1;3;668;31;55;767;405;3276;7362
"355660 VERA CRUZ";15;399;11;-;2;106;267;17;1111;47;528;2503
"355670 VINHEDO";193;962;45;6;6;126;27;27;221;141;4832;6586
"355680 VIRADOURO";92;189;91;4;9;320;30;5;304;1599;873;3516
"355690 VISTA ALEGRE DO ALTO";3;135;21;1;2;267;26;19;147;393;743;1757
"355695 VITORIA BRASIL";10;132;49;6;10;76;158;174;85;11;12;723
"355700 VOTORANTIM";41;1823;57;2;2;167;179;326;657;3151;9506;15911
"355710 VOTUPORANGA";2782;1320;835;37;228;6436;9044;1089;10043;1112;11876;44802
"355715 ZACARIAS";86;179;9;1;1;114;11;27;153;2;13;596
"355720 CHAVANTES";2;127;44;-;100;162;16;10;113;157;557;1288
"355730 ESTIVA GERBI";24;544;8;6;-;325;17;11;71;264;115;1385
"Total";228162;749603;200133;9409;19681;443596;204441;157891;350417;337633;2181003;4881969
&